id,shift,screen_high,fatigue
1,Day,1,1
2,Day,1,1
3,Day,1,1
4,Day,1,1
5,Day,1,1
6,Day,1,1
7,Day,1,1
8,Day,1,1
9,Day,1,1
10,Day,1,1
11,Day,1,1
12,Day,1,1
13,Day,1,1
14,Day,1,1
15,Day,1,1
16,Day,1,1
17,Day,1,1
18,Day,1,1
19,Day,1,1
20,Day,1,1
21,Day,1,1
22,Day,1,1
23,Day,1,1
24,Day,1,1
25,Day,1,1
26,Day,1,1
27,Day,1,1
28,Day,1,1
29,Day,1,1
30,Day,1,1
31,Day,1,1
32,Day,1,1
33,Day,1,1
34,Day,1,1
35,Day,1,1
36,Day,1,1
37,Day,1,1
38,Day,1,1
39,Day,1,1
40,Day,1,1
41,Day,1,1
42,Day,1,1
43,Day,1,1
44,Day,1,1
45,Day,1,1
46,Day,1,1
47,Day,1,1
48,Day,1,1
49,Day,1,1
50,Day,1,1
51,Day,1,1
52,Day,1,1
53,Day,1,1
54,Day,1,1
55,Day,1,1
56,Day,1,1
57,Day,1,1
58,Day,1,1
59,Day,1,1
60,Day,1,1
61,Day,1,1
62,Day,1,1
63,Day,1,1
64,Day,1,1
65,Day,1,1
66,Day,1,1
67,Day,1,1
68,Day,1,1
69,Day,1,1
70,Day,1,1
71,Day,1,0
72,Day,1,0
73,Day,1,0
74,Day,1,0
75,Day,1,0
76,Day,1,0
77,Day,1,0
78,Day,1,0
79,Day,1,0
80,Day,1,0
81,Day,1,0
82,Day,1,0
83,Day,1,0
84,Day,1,0
85,Day,1,0
86,Day,1,0
87,Day,1,0
88,Day,1,0
89,Day,1,0
90,Day,1,0
91,Day,1,0
92,Day,1,0
93,Day,1,0
94,Day,1,0
95,Day,1,0
96,Day,1,0
97,Day,1,0
98,Day,1,0
99,Day,1,0
100,Day,1,0
101,Day,1,0
102,Day,1,0
103,Day,1,0
104,Day,1,0
105,Day,1,0
106,Day,1,0
107,Day,1,0
108,Day,1,0
109,Day,1,0
110,Day,1,0
111,Day,1,0
112,Day,1,0
113,Day,1,0
114,Day,1,0
115,Day,1,0
116,Day,1,0
117,Day,1,0
118,Day,1,0
119,Day,1,0
120,Day,1,0
121,Day,1,0
122,Day,1,0
123,Day,1,0
124,Day,1,0
125,Day,1,0
126,Day,1,0
127,Day,1,0
128,Day,1,0
129,Day,1,0
130,Day,1,0
131,Day,1,0
132,Day,1,0
133,Day,1,0
134,Day,1,0
135,Day,1,0
136,Day,1,0
137,Day,1,0
138,Day,1,0
139,Day,1,0
140,Day,1,0
141,Day,1,0
142,Day,1,0
143,Day,1,0
144,Day,1,0
145,Day,1,0
146,Day,1,0
147,Day,1,0
148,Day,1,0
149,Day,1,0
150,Day,1,0
151,Day,1,0
152,Day,1,0
153,Day,1,0
154,Day,1,0
155,Day,1,0
156,Day,1,0
157,Day,1,0
158,Day,1,0
159,Day,1,0
160,Day,1,0
161,Day,1,0
162,Day,1,0
163,Day,1,0
164,Day,1,0
165,Day,1,0
166,Day,1,0
167,Day,1,0
168,Day,1,0
169,Day,1,0
170,Day,1,0
171,Day,1,0
172,Day,1,0
173,Day,1,0
174,Day,1,0
175,Day,1,0
176,Day,1,0
177,Day,1,0
178,Day,1,0
179,Day,1,0
180,Day,1,0
181,Day,1,0
182,Day,1,0
183,Day,1,0
184,Day,1,0
185,Day,1,0
186,Day,1,0
187,Day,1,0
188,Day,1,0
189,Day,1,0
190,Day,1,0
191,Day,1,0
192,Day,1,0
193,Day,1,0
194,Day,1,0
195,Day,1,0
196,Day,1,0
197,Day,1,0
198,Day,1,0
199,Day,1,0
200,Day,1,0
201,Day,1,0
202,Day,1,0
203,Day,1,0
204,Day,1,0
205,Day,1,0
206,Day,1,0
207,Day,1,0
208,Day,1,0
209,Day,1,0
210,Day,1,0
211,Day,1,0
212,Day,1,0
213,Day,1,0
214,Day,1,0
215,Day,1,0
216,Day,1,0
217,Day,1,0
218,Day,1,0
219,Day,1,0
220,Day,1,0
221,Day,1,0
222,Day,1,0
223,Day,1,0
224,Day,1,0
225,Day,1,0
226,Day,1,0
227,Day,1,0
228,Day,1,0
229,Day,1,0
230,Day,1,0
231,Day,1,0
232,Day,1,0
233,Day,1,0
234,Day,1,0
235,Day,1,0
236,Day,1,0
237,Day,1,0
238,Day,1,0
239,Day,1,0
240,Day,1,0
241,Day,1,0
242,Day,1,0
243,Day,1,0
244,Day,1,0
245,Day,1,0
246,Day,1,0
247,Day,1,0
248,Day,1,0
249,Day,1,0
250,Day,1,0
251,Day,1,0
252,Day,1,0
253,Day,1,0
254,Day,1,0
255,Day,1,0
256,Day,1,0
257,Day,1,0
258,Day,1,0
259,Day,1,0
260,Day,1,0
261,Day,1,0
262,Day,1,0
263,Day,1,0
264,Day,1,0
265,Day,1,0
266,Day,1,0
267,Day,1,0
268,Day,1,0
269,Day,1,0
270,Day,1,0
271,Day,1,0
272,Day,1,0
273,Day,1,0
274,Day,1,0
275,Day,1,0
276,Day,1,0
277,Day,1,0
278,Day,1,0
279,Day,1,0
280,Day,1,0
281,Day,1,0
282,Day,1,0
283,Day,1,0
284,Day,1,0
285,Day,1,0
286,Day,1,0
287,Day,1,0
288,Day,1,0
289,Day,1,0
290,Day,1,0
291,Day,1,0
292,Day,1,0
293,Day,1,0
294,Day,1,0
295,Day,1,0
296,Day,1,0
297,Day,1,0
298,Day,1,0
299,Day,1,0
300,Day,1,0
301,Day,1,0
302,Day,1,0
303,Day,1,0
304,Day,1,0
305,Day,1,0
306,Day,1,0
307,Day,1,0
308,Day,1,0
309,Day,1,0
310,Day,1,0
311,Day,1,0
312,Day,1,0
313,Day,1,0
314,Day,1,0
315,Day,1,0
316,Day,1,0
317,Day,1,0
318,Day,1,0
319,Day,1,0
320,Day,1,0
321,Day,1,0
322,Day,1,0
323,Day,1,0
324,Day,1,0
325,Day,1,0
326,Day,1,0
327,Day,1,0
328,Day,1,0
329,Day,1,0
330,Day,1,0
331,Day,1,0
332,Day,1,0
333,Day,1,0
334,Day,1,0
335,Day,1,0
336,Day,1,0
337,Day,1,0
338,Day,1,0
339,Day,1,0
340,Day,1,0
341,Day,1,0
342,Day,1,0
343,Day,1,0
344,Day,1,0
345,Day,1,0
346,Day,1,0
347,Day,1,0
348,Day,1,0
349,Day,1,0
350,Day,1,0
351,Day,0,1
352,Day,0,1
353,Day,0,1
354,Day,0,1
355,Day,0,1
356,Day,0,1
357,Day,0,1
358,Day,0,1
359,Day,0,1
360,Day,0,1
361,Day,0,1
362,Day,0,1
363,Day,0,1
364,Day,0,1
365,Day,0,1
366,Day,0,1
367,Day,0,1
368,Day,0,1
369,Day,0,1
370,Day,0,1
371,Day,0,1
372,Day,0,1
373,Day,0,1
374,Day,0,1
375,Day,0,1
376,Day,0,1
377,Day,0,1
378,Day,0,1
379,Day,0,1
380,Day,0,1
381,Day,0,1
382,Day,0,1
383,Day,0,1
384,Day,0,1
385,Day,0,1
386,Day,0,1
387,Day,0,1
388,Day,0,1
389,Day,0,1
390,Day,0,1
391,Day,0,1
392,Day,0,1
393,Day,0,1
394,Day,0,1
395,Day,0,1
396,Day,0,1
397,Day,0,1
398,Day,0,1
399,Day,0,1
400,Day,0,1
401,Day,0,1
402,Day,0,1
403,Day,0,1
404,Day,0,1
405,Day,0,1
406,Day,0,1
407,Day,0,1
408,Day,0,1
409,Day,0,1
410,Day,0,1
411,Day,0,0
412,Day,0,0
413,Day,0,0
414,Day,0,0
415,Day,0,0
416,Day,0,0
417,Day,0,0
418,Day,0,0
419,Day,0,0
420,Day,0,0
421,Day,0,0
422,Day,0,0
423,Day,0,0
424,Day,0,0
425,Day,0,0
426,Day,0,0
427,Day,0,0
428,Day,0,0
429,Day,0,0
430,Day,0,0
431,Day,0,0
432,Day,0,0
433,Day,0,0
434,Day,0,0
435,Day,0,0
436,Day,0,0
437,Day,0,0
438,Day,0,0
439,Day,0,0
440,Day,0,0
441,Day,0,0
442,Day,0,0
443,Day,0,0
444,Day,0,0
445,Day,0,0
446,Day,0,0
447,Day,0,0
448,Day,0,0
449,Day,0,0
450,Day,0,0
451,Day,0,0
452,Day,0,0
453,Day,0,0
454,Day,0,0
455,Day,0,0
456,Day,0,0
457,Day,0,0
458,Day,0,0
459,Day,0,0
460,Day,0,0
461,Day,0,0
462,Day,0,0
463,Day,0,0
464,Day,0,0
465,Day,0,0
466,Day,0,0
467,Day,0,0
468,Day,0,0
469,Day,0,0
470,Day,0,0
471,Day,0,0
472,Day,0,0
473,Day,0,0
474,Day,0,0
475,Day,0,0
476,Day,0,0
477,Day,0,0
478,Day,0,0
479,Day,0,0
480,Day,0,0
481,Day,0,0
482,Day,0,0
483,Day,0,0
484,Day,0,0
485,Day,0,0
486,Day,0,0
487,Day,0,0
488,Day,0,0
489,Day,0,0
490,Day,0,0
491,Day,0,0
492,Day,0,0
493,Day,0,0
494,Day,0,0
495,Day,0,0
496,Day,0,0
497,Day,0,0
498,Day,0,0
499,Day,0,0
500,Day,0,0
501,Day,0,0
502,Day,0,0
503,Day,0,0
504,Day,0,0
505,Day,0,0
506,Day,0,0
507,Day,0,0
508,Day,0,0
509,Day,0,0
510,Day,0,0
511,Day,0,0
512,Day,0,0
513,Day,0,0
514,Day,0,0
515,Day,0,0
516,Day,0,0
517,Day,0,0
518,Day,0,0
519,Day,0,0
520,Day,0,0
521,Day,0,0
522,Day,0,0
523,Day,0,0
524,Day,0,0
525,Day,0,0
526,Day,0,0
527,Day,0,0
528,Day,0,0
529,Day,0,0
530,Day,0,0
531,Day,0,0
532,Day,0,0
533,Day,0,0
534,Day,0,0
535,Day,0,0
536,Day,0,0
537,Day,0,0
538,Day,0,0
539,Day,0,0
540,Day,0,0
541,Day,0,0
542,Day,0,0
543,Day,0,0
544,Day,0,0
545,Day,0,0
546,Day,0,0
547,Day,0,0
548,Day,0,0
549,Day,0,0
550,Day,0,0
551,Day,0,0
552,Day,0,0
553,Day,0,0
554,Day,0,0
555,Day,0,0
556,Day,0,0
557,Day,0,0
558,Day,0,0
559,Day,0,0
560,Day,0,0
561,Day,0,0
562,Day,0,0
563,Day,0,0
564,Day,0,0
565,Day,0,0
566,Day,0,0
567,Day,0,0
568,Day,0,0
569,Day,0,0
570,Day,0,0
571,Day,0,0
572,Day,0,0
573,Day,0,0
574,Day,0,0
575,Day,0,0
576,Day,0,0
577,Day,0,0
578,Day,0,0
579,Day,0,0
580,Day,0,0
581,Day,0,0
582,Day,0,0
583,Day,0,0
584,Day,0,0
585,Day,0,0
586,Day,0,0
587,Day,0,0
588,Day,0,0
589,Day,0,0
590,Day,0,0
591,Day,0,0
592,Day,0,0
593,Day,0,0
594,Day,0,0
595,Day,0,0
596,Day,0,0
597,Day,0,0
598,Day,0,0
599,Day,0,0
600,Day,0,0
601,Day,0,0
602,Day,0,0
603,Day,0,0
604,Day,0,0
605,Day,0,0
606,Day,0,0
607,Day,0,0
608,Day,0,0
609,Day,0,0
610,Day,0,0
611,Day,0,0
612,Day,0,0
613,Day,0,0
614,Day,0,0
615,Day,0,0
616,Day,0,0
617,Day,0,0
618,Day,0,0
619,Day,0,0
620,Day,0,0
621,Day,0,0
622,Day,0,0
623,Day,0,0
624,Day,0,0
625,Day,0,0
626,Day,0,0
627,Day,0,0
628,Day,0,0
629,Day,0,0
630,Day,0,0
631,Day,0,0
632,Day,0,0
633,Day,0,0
634,Day,0,0
635,Day,0,0
636,Day,0,0
637,Day,0,0
638,Day,0,0
639,Day,0,0
640,Day,0,0
641,Day,0,0
642,Day,0,0
643,Day,0,0
644,Day,0,0
645,Day,0,0
646,Day,0,0
647,Day,0,0
648,Day,0,0
649,Day,0,0
650,Day,0,0
651,Day,0,0
652,Day,0,0
653,Day,0,0
654,Day,0,0
655,Day,0,0
656,Day,0,0
657,Day,0,0
658,Day,0,0
659,Day,0,0
660,Day,0,0
661,Day,0,0
662,Day,0,0
663,Day,0,0
664,Day,0,0
665,Day,0,0
666,Day,0,0
667,Day,0,0
668,Day,0,0
669,Day,0,0
670,Day,0,0
671,Day,0,0
672,Day,0,0
673,Day,0,0
674,Day,0,0
675,Day,0,0
676,Day,0,0
677,Day,0,0
678,Day,0,0
679,Day,0,0
680,Day,0,0
681,Day,0,0
682,Day,0,0
683,Day,0,0
684,Day,0,0
685,Day,0,0
686,Day,0,0
687,Day,0,0
688,Day,0,0
689,Day,0,0
690,Day,0,0
691,Day,0,0
692,Day,0,0
693,Day,0,0
694,Day,0,0
695,Day,0,0
696,Day,0,0
697,Day,0,0
698,Day,0,0
699,Day,0,0
700,Day,0,0
701,Night,1,1
702,Night,1,1
703,Night,1,1
704,Night,1,1
705,Night,1,1
706,Night,1,1
707,Night,1,1
708,Night,1,1
709,Night,1,1
710,Night,1,1
711,Night,1,1
712,Night,1,1
713,Night,1,1
714,Night,1,1
715,Night,1,1
716,Night,1,1
717,Night,1,1
718,Night,1,1
719,Night,1,1
720,Night,1,1
721,Night,1,1
722,Night,1,1
723,Night,1,1
724,Night,1,1
725,Night,1,1
726,Night,1,1
727,Night,1,1
728,Night,1,1
729,Night,1,1
730,Night,1,1
731,Night,1,1
732,Night,1,1
733,Night,1,1
734,Night,1,1
735,Night,1,1
736,Night,1,1
737,Night,1,1
738,Night,1,1
739,Night,1,1
740,Night,1,1
741,Night,1,1
742,Night,1,1
743,Night,1,1
744,Night,1,1
745,Night,1,1
746,Night,1,1
747,Night,1,1
748,Night,1,1
749,Night,1,1
750,Night,1,1
751,Night,1,1
752,Night,1,1
753,Night,1,1
754,Night,1,1
755,Night,1,1
756,Night,1,1
757,Night,1,1
758,Night,1,1
759,Night,1,1
760,Night,1,1
761,Night,1,1
762,Night,1,1
763,Night,1,1
764,Night,1,1
765,Night,1,1
766,Night,1,1
767,Night,1,1
768,Night,1,1
769,Night,1,1
770,Night,1,1
771,Night,1,1
772,Night,1,1
773,Night,1,1
774,Night,1,1
775,Night,1,1
776,Night,1,1
777,Night,1,1
778,Night,1,1
779,Night,1,1
780,Night,1,1
781,Night,1,1
782,Night,1,1
783,Night,1,1
784,Night,1,1
785,Night,1,1
786,Night,1,1
787,Night,1,1
788,Night,1,1
789,Night,1,1
790,Night,1,1
791,Night,1,1
792,Night,1,1
793,Night,1,1
794,Night,1,1
795,Night,1,1
796,Night,1,1
797,Night,1,1
798,Night,1,1
799,Night,1,1
800,Night,1,1
801,Night,1,1
802,Night,1,1
803,Night,1,1
804,Night,1,1
805,Night,1,1
806,Night,1,1
807,Night,1,1
808,Night,1,1
809,Night,1,1
810,Night,1,1
811,Night,1,1
812,Night,1,1
813,Night,1,1
814,Night,1,1
815,Night,1,1
816,Night,1,1
817,Night,1,1
818,Night,1,1
819,Night,1,1
820,Night,1,1
821,Night,1,1
822,Night,1,1
823,Night,1,1
824,Night,1,1
825,Night,1,1
826,Night,1,1
827,Night,1,1
828,Night,1,1
829,Night,1,1
830,Night,1,1
831,Night,1,1
832,Night,1,1
833,Night,1,1
834,Night,1,1
835,Night,1,1
836,Night,1,1
837,Night,1,1
838,Night,1,1
839,Night,1,1
840,Night,1,1
841,Night,1,0
842,Night,1,0
843,Night,1,0
844,Night,1,0
845,Night,1,0
846,Night,1,0
847,Night,1,0
848,Night,1,0
849,Night,1,0
850,Night,1,0
851,Night,1,0
852,Night,1,0
853,Night,1,0
854,Night,1,0
855,Night,1,0
856,Night,1,0
857,Night,1,0
858,Night,1,0
859,Night,1,0
860,Night,1,0
861,Night,1,0
862,Night,1,0
863,Night,1,0
864,Night,1,0
865,Night,1,0
866,Night,1,0
867,Night,1,0
868,Night,1,0
869,Night,1,0
870,Night,1,0
871,Night,1,0
872,Night,1,0
873,Night,1,0
874,Night,1,0
875,Night,1,0
876,Night,1,0
877,Night,1,0
878,Night,1,0
879,Night,1,0
880,Night,1,0
881,Night,1,0
882,Night,1,0
883,Night,1,0
884,Night,1,0
885,Night,1,0
886,Night,1,0
887,Night,1,0
888,Night,1,0
889,Night,1,0
890,Night,1,0
891,Night,1,0
892,Night,1,0
893,Night,1,0
894,Night,1,0
895,Night,1,0
896,Night,1,0
897,Night,1,0
898,Night,1,0
899,Night,1,0
900,Night,1,0
901,Night,1,0
902,Night,1,0
903,Night,1,0
904,Night,1,0
905,Night,1,0
906,Night,1,0
907,Night,1,0
908,Night,1,0
909,Night,1,0
910,Night,1,0
911,Night,1,0
912,Night,1,0
913,Night,1,0
914,Night,1,0
915,Night,1,0
916,Night,1,0
917,Night,1,0
918,Night,1,0
919,Night,1,0
920,Night,1,0
921,Night,1,0
922,Night,1,0
923,Night,1,0
924,Night,1,0
925,Night,1,0
926,Night,1,0
927,Night,1,0
928,Night,1,0
929,Night,1,0
930,Night,1,0
931,Night,1,0
932,Night,1,0
933,Night,1,0
934,Night,1,0
935,Night,1,0
936,Night,1,0
937,Night,1,0
938,Night,1,0
939,Night,1,0
940,Night,1,0
941,Night,1,0
942,Night,1,0
943,Night,1,0
944,Night,1,0
945,Night,1,0
946,Night,1,0
947,Night,1,0
948,Night,1,0
949,Night,1,0
950,Night,1,0
951,Night,0,1
952,Night,0,1
953,Night,0,1
954,Night,0,1
955,Night,0,1
956,Night,0,1
957,Night,0,1
958,Night,0,1
959,Night,0,1
960,Night,0,1
961,Night,0,1
962,Night,0,1
963,Night,0,1
964,Night,0,1
965,Night,0,1
966,Night,0,1
967,Night,0,1
968,Night,0,1
969,Night,0,1
970,Night,0,1
971,Night,0,1
972,Night,0,1
973,Night,0,1
974,Night,0,1
975,Night,0,1
976,Night,0,1
977,Night,0,1
978,Night,0,1
979,Night,0,1
980,Night,0,1
981,Night,0,1
982,Night,0,1
983,Night,0,1
984,Night,0,1
985,Night,0,1
986,Night,0,1
987,Night,0,1
988,Night,0,1
989,Night,0,1
990,Night,0,1
991,Night,0,1
992,Night,0,1
993,Night,0,1
994,Night,0,1
995,Night,0,1
996,Night,0,1
997,Night,0,1
998,Night,0,1
999,Night,0,1
1000,Night,0,1
1001,Night,0,1
1002,Night,0,1
1003,Night,0,1
1004,Night,0,1
1005,Night,0,1
1006,Night,0,1
1007,Night,0,1
1008,Night,0,1
1009,Night,0,1
1010,Night,0,1
1011,Night,0,1
1012,Night,0,1
1013,Night,0,1
1014,Night,0,1
1015,Night,0,1
1016,Night,0,1
1017,Night,0,1
1018,Night,0,1
1019,Night,0,1
1020,Night,0,1
1021,Night,0,1
1022,Night,0,1
1023,Night,0,1
1024,Night,0,1
1025,Night,0,1
1026,Night,0,1
1027,Night,0,1
1028,Night,0,1
1029,Night,0,1
1030,Night,0,1
1031,Night,0,1
1032,Night,0,1
1033,Night,0,1
1034,Night,0,1
1035,Night,0,1
1036,Night,0,1
1037,Night,0,1
1038,Night,0,1
1039,Night,0,1
1040,Night,0,1
1041,Night,0,0
1042,Night,0,0
1043,Night,0,0
1044,Night,0,0
1045,Night,0,0
1046,Night,0,0
1047,Night,0,0
1048,Night,0,0
1049,Night,0,0
1050,Night,0,0
1051,Night,0,0
1052,Night,0,0
1053,Night,0,0
1054,Night,0,0
1055,Night,0,0
1056,Night,0,0
1057,Night,0,0
1058,Night,0,0
1059,Night,0,0
1060,Night,0,0
1061,Night,0,0
1062,Night,0,0
1063,Night,0,0
1064,Night,0,0
1065,Night,0,0
1066,Night,0,0
1067,Night,0,0
1068,Night,0,0
1069,Night,0,0
1070,Night,0,0
1071,Night,0,0
1072,Night,0,0
1073,Night,0,0
1074,Night,0,0
1075,Night,0,0
1076,Night,0,0
1077,Night,0,0
1078,Night,0,0
1079,Night,0,0
1080,Night,0,0
1081,Night,0,0
1082,Night,0,0
1083,Night,0,0
1084,Night,0,0
1085,Night,0,0
1086,Night,0,0
1087,Night,0,0
1088,Night,0,0
1089,Night,0,0
1090,Night,0,0
1091,Night,0,0
1092,Night,0,0
1093,Night,0,0
1094,Night,0,0
1095,Night,0,0
1096,Night,0,0
1097,Night,0,0
1098,Night,0,0
1099,Night,0,0
1100,Night,0,0
1101,Night,0,0
1102,Night,0,0
1103,Night,0,0
1104,Night,0,0
1105,Night,0,0
1106,Night,0,0
1107,Night,0,0
1108,Night,0,0
1109,Night,0,0
1110,Night,0,0
1111,Night,0,0
1112,Night,0,0
1113,Night,0,0
1114,Night,0,0
1115,Night,0,0
1116,Night,0,0
1117,Night,0,0
1118,Night,0,0
1119,Night,0,0
1120,Night,0,0
1121,Night,0,0
1122,Night,0,0
1123,Night,0,0
1124,Night,0,0
1125,Night,0,0
1126,Night,0,0
1127,Night,0,0
1128,Night,0,0
1129,Night,0,0
1130,Night,0,0
1131,Night,0,0
1132,Night,0,0
1133,Night,0,0
1134,Night,0,0
1135,Night,0,0
1136,Night,0,0
1137,Night,0,0
1138,Night,0,0
1139,Night,0,0
1140,Night,0,0
1141,Night,0,0
1142,Night,0,0
1143,Night,0,0
1144,Night,0,0
1145,Night,0,0
1146,Night,0,0
1147,Night,0,0
1148,Night,0,0
1149,Night,0,0
1150,Night,0,0
1151,Night,0,0
1152,Night,0,0
1153,Night,0,0
1154,Night,0,0
1155,Night,0,0
1156,Night,0,0
1157,Night,0,0
1158,Night,0,0
1159,Night,0,0
1160,Night,0,0
1161,Night,0,0
1162,Night,0,0
1163,Night,0,0
1164,Night,0,0
1165,Night,0,0
1166,Night,0,0
1167,Night,0,0
1168,Night,0,0
1169,Night,0,0
1170,Night,0,0
1171,Night,0,0
1172,Night,0,0
1173,Night,0,0
1174,Night,0,0
1175,Night,0,0
1176,Night,0,0
1177,Night,0,0
1178,Night,0,0
1179,Night,0,0
1180,Night,0,0
1181,Night,0,0
1182,Night,0,0
1183,Night,0,0
1184,Night,0,0
1185,Night,0,0
1186,Night,0,0
1187,Night,0,0
1188,Night,0,0
1189,Night,0,0
1190,Night,0,0
1191,Night,0,0
1192,Night,0,0
1193,Night,0,0
1194,Night,0,0
1195,Night,0,0
1196,Night,0,0
1197,Night,0,0
1198,Night,0,0
1199,Night,0,0
1200,Night,0,0
