Intelligence,Motivation,StudyHours,Sleep,Stress,Grade
low,high,high,good,low,good
low,high,high,good,high,good
high,low,high,good,low,good
high,low,low,good,high,poor
high,high,low,poor,low,poor
low,low,low,good,low,poor
low,low,low,good,high,good
high,high,high,poor,high,good
high,low,low,poor,high,poor
high,low,low,good,low,poor
low,high,high,good,high,good
low,high,low,good,low,poor
high,high,high,good,low,good
high,high,low,good,high,good
low,low,low,good,low,poor
low,low,low,good,low,poor
low,high,low,good,low,poor
low,low,high,good,high,poor
high,low,low,good,low,poor
low,low,high,good,high,poor
low,high,high,poor,low,good
high,high,high,poor,high,good
high,low,high,good,low,good
high,high,low,poor,high,poor
high,high,high,good,high,good
high,low,low,good,high,poor
high,low,high,good,low,good
high,high,high,good,low,good
low,low,high,good,low,good
high,high,high,good,high,good
high,low,high,good,low,good
low,low,low,good,low,good
high,high,high,poor,high,poor
high,low,low,good,low,good
high,low,high,good,low,good
low,low,low,good,low,good
high,low,low,good,high,poor
low,low,low,good,low,poor
high,low,high,good,low,good
high,low,high,good,low,poor
high,high,high,poor,low,poor
high,high,low,poor,high,poor
high,low,high,poor,low,good
high,high,high,good,low,good
high,low,high,good,low,good
high,high,high,good,low,good
high,low,high,good,high,good
low,low,low,good,high,good
low,low,low,poor,high,good
low,low,low,poor,high,poor
